Market_Name,Product_Name,Price
Carrefour,Maydanoz Adet,7.9
Carrefour,Dereotu Adet,29.9
Migros,Karnabahar Kg,11.9
Migros,Ispanak Kg,23.9
Carrefour,Nane Adet,21.9
Migros,Fasulye Ayşe Kadın Kg,24.9
Carrefour,Pancar Kg,14.9
Carrefour,Marul Adet,27.9
Migros,Soğan Arpacık Kg,14.9
Migros,Eurofresh Yıkanmış Karnabahar 500 G,27.9
Carrefour,Limon Kg,18.9
Carrefour,Mandalina Naturel Kg,21.9
Carrefour,Avokado Adet,29.9
Migros,Ananas Adet,18.9
Carrefour,Portakal Kg,69.9
Migros,Elma Starking Kg,19.9
Migros,Armut Santa Maria Kg,13.75
Migros,Elma Golden Kg,19.9
Migros,Nar Kg,16.9
Carrefour,Ayva Kg,32.9
Carrefour,Kavun Kırkağaç Kg,21.9
Carrefour,Üzüm Red Globe Kg,27.9
Migros,Greyfurt Kg,19.9
Migros,Kivi Kg,19.9
Migros,Mango Adet,22.9
Migros,Kestane Kg,19.9
Migros,Dana Antrikot Kg,17.9
Migros,Kuzu İncik Kg,35.95
Migros,Kuzu Pirzola Kg,43.95
Migros,Kuzu Kuşbaşı Kg,49.9
Migros,Dana Bonfile Kg,149.9
Migros,Dana Kontrafile Kg,169.92
Migros,Superfresh Baba Burger 360 G,62.6
Carrefour,Banvit Piliç Baget Kg,178.11
Carrefour,Bolca Hindi Pirzola Kemiksiz Kg,79.99
Carrefour,Banvit Çıtır Piliç Parmak 225 G,74.93
Carrefour,Banvit Çıtır Piliç Küpleri 225 G,62.37
Carrefour,Banvit Çıtır Piliç Kanat 300 G,373.75
Carrefour,Namet 7/24 Dana Macar Salam 60 G,61.9
Carrefour,Pınar Aç Bitir Macar Salam 60 G,64.9
Migros,Cumhuriyet Kangal Sucuk Kg,15.6
Migros,Namet Macar Salam Kg,36.4
Carrefour,Maret Pratik Hindi Salam 60 G,49.9
Carrefour,Apikoğlu Parça Pastırma 80 G,54.9
Carrefour,Namet Piliç Füme 150 G,59.9
Migros,Cumhuriyet Parmak Sucuk Kg,129.9
Carrefour,Pınar Aç Bitir Sucuk 90 G,36.72
Migros,Polonez Macar Salam Kg,82.9
Carrefour,Polonez Hindi Salam 110 G,39.9
Migros,Pınar Gurme Sucuk 250 G,31.92
Carrefour,Aytaç Hindi Mangal Sucuk 280 G,69.9
Migros,Namet Fıstıklı Macar Salam Kg,48.9
Carrefour,Polonez Dana Jambon 150 G,64.9
Carrefour,Banvit Tütsülenmiş Cheddarlı Piliç Jumbo Sosis 250 G,209.0
Migros,Namet Dana Jambon Kg,254.0
Carrefour,Maret Hindi Füme 110 G,255.0
Migros,Polonez Hindi Parça Etli Salam 110 G,24.9
Carrefour,Dardanel Levrek Çorbası 500 G,480.0
Carrefour,Pınar Süzme Peynir 500 G,85.25
Carrefour,Torku Süzme Peynir 450 G,319.0
Migros,Pınar Kahvaltı Keyfi Tost Peyniri 600 G,77.75
Carrefour,Muratbey Burgu Peyniri 200 G,60.0
Carrefour,Pınar Labne Peynir 400 G,191.0
Carrefour,Bahçıvan Çeçil Peyniri 200 G,139.0
Carrefour,Tahsildaroğlu Dil Peyniri 250 G,393.0
Carrefour,İçim Labne 200 G,315.0
Migros,Tahsildaroğlu Taze Kaşar Peyniri 400 G,75.9
Carrefour,Bahçıvan Dil Peyniri 200 G,395.0
Migros,Tahsildaroğlu Kahvaltılık Lor 300 G,26.5
Migros,Ünal Çeçil Peyniri Kg,69.9
Migros,Pınar Dilimli Tost Peyniri 500 G,36.9
Migros,Pınar Dilimli Tost Peyniri 350 G,9.95
Migros,Torku Labne 400 G,21.9
Migros,Bahçıvan Örgü Peyniri 200 G,44.5
Carrefour,Muratbey Burgu Peynir Kg,536.0
Carrefour,İçim Dilimli Tost Peyniri 200 G,83.5
Migros,Bahçıvan Dilimli Tost Peyniri 500 G,24.9
Carrefour,Kiri Tam Yağlı Taze Peynir 150 G,52.9
Carrefour,Tahsildaroğlu Tam Yağlı Beyaz Peynir 800 G,813.0
Carrefour,İçim Krem Peynir 300 G,99.75
Carrefour,Bahçıvan Suda Top Mozzarella 125 G,84.75
Carrefour,Sek Quark Sade 140 G,79.9
Carrefour,Sek Quark Yaban Mersini 140 G,44.25
Migros,Sek Tam Yağlı Beyaz Peynir 800 G,67.9
Carrefour,İçim Taze Peynir 180 G,119.9
Migros,Mersoy Tam Yağlı Tulum Peyniri Kg,89.25
Migros,Mersoy Tam Yağlı Tulum Peyniri Kg,89.25
Carrefour,Pınar Beyaz 350 G,94.9
Migros,Bahçıvan Süzme Peynir 500 G,34.9
Migros,Muratbey Misto Peynir 200 G,39.5
Migros,Ünal Örgü Peyniri Kg,129.9
Carrefour,President Cheddar Peyniri 220 G,171.7
Migros,Ünal İsli Çerkez Peyniri Kg,59.9
Carrefour,Torku Krempare 200 G,126.5
Carrefour,President Gouda Peyniri 220 G,68.0
Carrefour,İçim Yarım Yağlı Süzme Peynir 500 G,57.45
Migros,Bahçıvan Hellim Peyniri 225 G,25.25
Carrefour,Bahçıvan Laktozsuz Labne 200 G,71.75
Carrefour,Kiri Tam Yağlı Taze Peynir 300 G,103.9
Migros,Altınkılıç Tam Yağlı Otlu Beyaz Peynir Kg,64.9
Migros,President Kaşar Peyniri 600 G,20.95
Carrefour,İçim Çilekli Sürme Peynir 180 G,59.9
Migros,President Taze Peynir 180 G,21.9
Carrefour,La Vache Qui Rit Üçgen Peynir 8'li 100 G,46.9
Carrefour,Nutella 750 G,248.5
Carrefour,Nutella 400 G,99.5
Migros,Eti Lifalif Yulaf Ezmesi 500 G,14.95
Migros,Sarelle Fındık Ezmesi 350 G,46.5
Carrefour,Balparmak Yayla Çiçek Balı 850 G,219.9
Carrefour,Balparmak Yayla Çiçek Balı 225 G,89.5
Migros,Balparmak Çam Balı 850 G,154.9
Carrefour,Torku Fındık Ezmesi 370 G,54.5
Carrefour,Züber %100 Fıstık Ezmesi 315 G,88.5
Migros,Balparmak Yüksek Yayla Çiçek Balı 850 G,108.9
Carrefour,Sarelle Kakaolu Fındık Ezmesi 700 G,88.25
Migros,Balparmak Yayla Çiçek Balı 460 G,24.45
Migros,Doğalsan Yulaf Kepeği 400 G,19.95
Carrefour,Penguen Vişne Reçeli 380 G,141.0
Carrefour,Penguen Çilek Reçeli 380 G,248.5
Carrefour,Tamek Vişne Reçeli 800 G,154.9
Migros,Koska Keçiboynuzlu Tahin Pekmez 350 G,25.9
Carrefour,Tat Kuşburnu Marmelatı 370 G,62.5
Carrefour,Koska Dut Pekmezi 380 G,42.9
Carrefour,Tamek Çilek Reçeli 800 G,78.9
Migros,Doğalsan Yulaf Ezmesi 400 G,8.95
Migros,Eti Form Çok Tahıllı Kırmızı Meyveli Gevrek 350 g,17.9
Carrefour,Tat Kayısı Marmelatı 370 G,119.5
Carrefour,Tat Vişne Marmelatı 370 G,205.0
Carrefour,Koska Fırında Helva 250 G,111.45
Migros,Balparmak Ballımix Kakaolu Fındık Ezmesi 180 G,26.0
Carrefour,Tamek Portakal Reçeli 380 G,82.5
Carrefour,Sarelle Bitter Fındık Ezmesi 350 G,69.9
Carrefour,Koska Fıstıklı Helva Paket 500 G,117.5
Migros,Anavarza Akıllı Kapak Çiçek Balı 325 G,22.95
Carrefour,Tamek Şeker İlavesiz Çilek Reçeli 290 G,127.95
Carrefour,Tamek Şeker İlavesiz Vişne Reçeli 290 G,48.9
Migros,Doğalsan Yulaf Kepeği Karışımı 400 G,20.25
Carrefour,Eti Lifalif 4 Tahıl Ezmesi 300 G,44.45
Migros,Balparmak Kestane Balı 460 G,84.5
Migros,Balparmak Narenciye Balı 460 G,45.95
Migros,Yenigün Ceviz Reçeli 450 G,59.5
Migros,Yenigün Cevizli İncir Tatlısı 450 G,39.5
Migros,Balparmak Kekik Balı 460 G,44.9
Migros,Balparmak Yüksek Yayla Çiçek Balı 460 G,20.25
Carrefour,Pınar Denge Laktozsuz Süt 500 ml,34.95
Carrefour,Pınar Denge Laktozsuz Süt 200 ml,43.75
Carrefour,Pınar Protein Vanilya Aromalı Süt 500 ml,49.95
Carrefour,Pınar Protein Çilekli Süt 500 ml,33.9
Carrefour,Pınar Protein Yer Fıstığı & Muz Aromalı Süt 500 ml,43.9
Migros,Alpro Hindistan Cevizi Sütü 1 L,39.25
Migros,Alpro Badem Sütü 1 L,34.5
Carrefour,Alpro Hindistan Cevizi Sütü 250 ml,120.9
Carrefour,Alpro Çikolatalı Soya Sütü 250 ml,37.0
Migros,Alpro Soya Sütü 1 L,41.25
Migros,Alpro Fındık Sütü 1 L,44.9
Migros,Fomilk Hindistan Cevizi 1L,29.9
Carrefour,Pınar Protein Kahveli Süt 500 ml,231.0
Migros,Alpro Şekersiz Hindistan Cevizi Sütü 1 L,12.45
Carrefour,Alpro Şekersiz Soya Sütü 1 L,102.9
Migros,Alpro Vanilyalı Soya Sütü 1 L,44.9
Migros,Alpro Profesyonel Soyalı Hindistan Cevizi Sütü 1 L,58.25
Migros,Alpro Profesyonel Soya Sütü 1 L,29.9
Migros,Alpro Profesyonel Badem Sütü 1 L,34.9
Migros,Alpro Çikolatalı Soya Sütü 1 L,35.9
Carrefour,Alpro Şekersiz Yulaf Sütü 1 L,127.9
Carrefour,İçim Fit Protein Çilekli Laktozsuz Süt 500 Ml,97.5
Carrefour,İçim Pastörize Muzlu D Vitaminli Süt 1 L,99.5
Carrefour,Alpro Hindistan Cevizi Badem Sütü 1L,84.57
Migros,Pınar Tereyağı 125 G,34.95
Carrefour,Pınar Organik Yoğurt 1000 G,159.9
Migros,Eker Süzme Yoğurt 900 G,37.0
Carrefour,Activia Doğal Probiyotikli Sade Yoğurt 4x100 G,74.9
Carrefour,Sek Çiftlik Kaymaksız Yoğurt 1200 G,69.9
Migros,Ateşoğlu Kaymaklı Yoğurt 1500 G,27.5
Migros,Sek Çiftlik Kaymaksız Yoğurt 900 G,27.5
Carrefour,Altınkılıç Kefirli Yoğurt Yaban Mersini 150 G,26.21
Migros,Eker Efsane Yoğurt 1250 G,29.9
Carrefour,Eker Efsane Yoğurt 350 G,129.9
Carrefour,Altınkılıç Kayısı Keten Tohumu Kefirli Yoğurt 150 G,128.9
Carrefour,Altınkılıç Kefirli Yoğurt Çilekli 150 G,77.45
Carrefour,Eker Probiyotik Yoğurt 500 G,67.5
Carrefour,Pınar Yoğurt 150 G,39.75
Carrefour,Eker Çilekli Probiyotik Yoğurt 400 G,45.9
Migros,İçim Süzme Yoğurt 900 G,24.5
Carrefour,İçim Probiyotik Yoğurt 750 G,32.72
Migros,Fora Dilimli Siyah Zeytin 160 G,5.75
Carrefour,Fora Dilimli Yeşil Zeytin 160 G,44.95
Carrefour,Eker Kaymak 100 G,49.9
Carrefour,Pakmaya Çikolatalı Sos 125 G,44.96
Migros,Pakmaya Pasta Kreması Çikolatalı 162 G,9.9
Carrefour,Teremyağ Paket Margarin 250 G,21.95
Migros,Bizim Paket Margarin 250 G,11.5
Carrefour,Teremyağ Kase Margarin 250 G,59.9
Carrefour,Teremyağ Kase Margarin 500 G,39.95
Carrefour,Duru Pilavlık Bulgur 1 Kg,24.15
Migros,Duru Başbaşı Bulgur 1 Kg,19.9
Migros,Duru Esmer Pilavlık Bulgur 1 Kg,11.95
Migros,Duru Kepekli Pilavlık Bulgur 1 Kg,11.95
Carrefour,Duru Dual Nohutlu Bulgur 250 G,29.5
Carrefour,Duru Dual Mercimekli Bulgur 250 G,113.0
Carrefour,Duru Dual Firikli Pilavlık Bulgur 250 G,22.25
Carrefour,Irmak Küp Şeker 1 Kg,44.9
Carrefour,Irmak Küp Şeker 750 G,65.0
Carrefour,Irmak Kahverengi Toz Şeker 500 G,61.5
Migros,Tat Domates Salçası 830 G,16.0
Carrefour,Tat Domates Püresi 200 G,28.0
Carrefour,Tat Domates Rendesi 685 G,89.9
Migros,Tat Domates Püresi 6X200 G,46.0
Carrefour,Tat Bezelye 680 G Cam,81.5
Carrefour,Tat Tatlı Biber Salçası 550 G,114.0
Carrefour,Tat Doğranmış Domates 340 G,51.9
Migros,Tat Haşlanmış Nohut 800 G,8.4
Carrefour,Tat Meksika Fasulyesi 410 G,41.9
Carrefour,Tat Menemen Harcı 340 G,34.5
Carrefour,Tat Tombul Bamya 800 G,58.9
Carrefour,Tat Bezelye 830 G,73.0
Migros,Tat Közlenmiş Biber 670 G,18.5
Migros,Tat Doğranmış Domates 400 G,13.9
Migros,Kühne Ege Usulü Kornişon Turşu 670 G,36.45
Carrefour,Tamek Haşlanmış Fasulye 800 G,24.95
Migros,Tat Haşlanmış Barbunya 800 G,8.9
Migros,Kühne Közlenmiş Patlıcan 640 G,14.93
Migros,Tat Enginar 610 G,41.5
Migros,Tat Domates Salçası 1500 G,27.5
Migros,Tamek Haşlanmış Nohut 800 G,17.25
Migros,Tamek Haşlanmış Barbunya 800 G,19.45
Carrefour,Dardanel Sardalya 105 G,119.9
Carrefour,Sinangil Un 2 Kg,59.9
Migros,Söke Un 2 Kg,31.9
Carrefour,Sinangil Un 5 Kg,204.9
Carrefour,Söke Un 5 Kg,159.9
Carrefour,Söke Un 1 Kg,69.75
Carrefour,Sinangil Un 1 Kg,57.9
Carrefour,Söke Tam Buğday Un Karışımı 500 G,131.9
Carrefour,Sinangil Kepekli Un 1 Kg,29.5
Carrefour,Pastavilla Kelebek Makarna 500 G,37.5
Carrefour,Arbella Burgu Makarna 500 G,19.9
Carrefour,Veronelli Burgu Makarna 500 G,29.5
Carrefour,Pastavilla Tel Şehriye 500 G,51.5
Carrefour,Indomie Gurme Soya Soslu Hazır Noodle 80 G,14.1
Carrefour,Indomie Gurme Acı Ve Baharatlı Hazır Noodle 80 G,26.9
Carrefour,Veronelli Kelebek Makarna 500 G,38.5
Carrefour,Indomie Jumbo Sebzeli Hazır Noodle 120 G,22.9
Carrefour,Knorr Sebzeli Et Çeşnili Çabuk Noodle 66 G,34.5
Carrefour,Pastavilla İri Arpa Şehriye 500 G,24.9
Migros,Heinz Ketçap 700 G,28.4
Carrefour,Calve Ranch Sos 245 G,34.9
Carrefour,Heinz Ketçap 460 G,39.9
Carrefour,Heinz Mayonez 610 G,46.9
Carrefour,Calve Cheddar Sos 240 G,48.5
Carrefour,Calve Barbekü Sos 290 G,42.9
Migros,Heinz Mayonez 400 G,22.9
Migros,Fersan %100 Nar Ekşisi 330 G,19.59
Carrefour,Knorr Fesleğenli Makarna Sosu 50 G,31.5
Carrefour,Heinz Ballı Hardal 240 G,79.9
Migros,Calve Köri Sos 260 G,25.9
Migros,Calve Sarımsaklı Mayonez 245 G,28.5
Carrefour,Calve Hardal Sos 250 G,69.9
Carrefour,Tat Mayonez 330 G,44.9
Carrefour,Heinz Ketçap 342 G,33.9
Migros,Heinz Acılı Mayonez 405 G,19.59
Carrefour,Tat Hardal 230 G,74.9
Migros,Tat Mayonez 550 G,21.46
Carrefour,Calve Acı Peri Peri Sos 245 G,35.25
Carrefour,Heinz Sarımsaklı Mayonez 400 G,35.9
Carrefour,Tat Sıkı Dostlar Ketçap 390 G+Mayonez 345 G 2'li Paket,54.9
Carrefour,Tat Ranch Sos 220 G,59.9
Carrefour,Tat Ranch Sos 220 G,44.9
Migros,Tat Mayonez 205 G,15.5
Carrefour,Tat Ketçap Tatlı 390 G,34.5
Carrefour,Heinz Sarımsak Sosu 230 G,52.43
Carrefour,Bağdat Pul Biber 80 G,32.9
Carrefour,Bağdat Kimyon 75 G,79.9
Carrefour,Bağdat Tarçın 45 G,19.5
Carrefour,Bağdat Kekik 25 G,14.9
Carrefour,Bağdat Nane 30 G,18.9
Migros,Arifoğlu Çörek Otu 70 G,9.75
Migros,Bağdat Kabuk Tarçın 45 G,25.9
Carrefour,Bağdat Karanfil 15 G,39.92
Carrefour,Arifoğlu Kekik 25 G,31.5
Carrefour,Bağdat Kuş Üzümü 40 G,17.9
Migros,Arifoğlu Susam 80 G,10.9
Carrefour,Arifoğlu Kuş Üzümü 40 G,20.72
Carrefour,Knorr Çıtır Pane Harcı 90 G,29.95
Carrefour,Arifoğlu Nane 80 G,49.9
Carrefour,Arifoğlu Köri 50 G,16.5
Carrefour,Arifoğlu Nane 25 G,11.75
Migros,Bağdat Yeni Bahar 40 G,14.9
Migros,City Farm Deniz Tuzu 500 G,11.92
Migros,Bağdat Hindistan Cevizi 50 G,11.92
Migros,Bağdat Mahlep 30 G,19.25
Migros,Bağdat Himalaya Tuzu Değirmen 110 G,11.75
Migros,Bağdat Köfte Harcı 90 G,7.25
Carrefour,Knorr Tarçın 40 G,19.25
Migros,Bağdat İsot Biber 80 G,11.75
Migros,Knorr Patates Püresi 60 G,11.75
Migros,Knorr Sumak 70 G,5.5
Carrefour,Knorr Zerdeçal 60 G,19.25
Migros,Knorr Karabiber 60 G,14.5
Migros,Knorr Kimyon 65 G,14.9
Migros,Bağdat Dolmalık Fıstık 23 G,11.75
Carrefour,Knorr Susam 65 G,19.25
Migros,Knorr Zencefil 50 G,14.5
Carrefour,Knorr Kekik 20 G,14.9
Migros,Knorr Sebzeli Çeşni 65 G,11.75
Migros,Fesleğen Kg,11.92
Carrefour,Bağdat Et Çeşnisi Değirmen 45 G,56.5
Migros,Glutensiz Ada Baton Ekmek 240 G,12.9
Carrefour,Arbella Plus Glutensiz Spaghetti 400 G,59.9
Migros,Dr.Oetker Glutensiz Kakao 70 G,12.9
Migros,Dr.Oetker Glutensiz Pirinç Unu 175 G,12.5
Migros,Dr.Oetker Glutensiz Çikolatalı Sos 128 G,12.9
Carrefour,Glutensiz Ada Kahveli Kurabiye 108 G,49.9
Migros,Dr.Oetker Glutensiz Ekmek Karışımı 291 G,4.5
Carrefour,Huxol Tablet Tatlandırıcı 650 Adet 39 Gr,38.9
Migros,Dr.Oetker Glutensiz Sade Un Karışımı 250 G,16.9
Migros,Bemtat Organik Siyez Unu 1 Kg,4.5
Migros,Veggy Vegburger 400 G,4.5
Migros,Takita Tablet Tatlandırıcı 300 Adet 18 G,4.75
Migros,Dr.Oetker Glutensiz Krem Şanti 75 G,12.9
Carrefour,Ege Glutensiz Galeta Unu 250 G,14.9
Migros,Becel Tereyağı Severlere Bitkisel Sürülebilir Yağ 250 G,9.9
Migros,Bemtat Organik Buğday Unu 1 Kg,24.68
Migros,Calve Vegan Mayonez 500 G,46.75
Migros,Bemtat Organik Tam Buğday Unu 1 Kg,29.9
Carrefour,Bizim Mutfak Kemik Suyu Bulyon 120 G,54.9
Carrefour,Superfresh Ispanak 450 G,37.43
Migros,Superfresh Bezelye 450 G,27.9
Migros,Feast Ispanak 450 G,20.93
Migros,Feast Bezelye 450 G,20.93
Carrefour,Feast Parmak Patates 1 Kg,66.5
Carrefour,Feast Taze Fasulye 450 G,66.5
Carrefour,Feast Küp Soğan 450 G,69.9
Carrefour,Superfresh Mısır 450 G,52.9
Migros,Pınar Milföy 1 Kg,23.9
Migros,Pek Food Üçgen Gurme Mantı 400 G,19.9
Migros,Feast Organik Bezelye 450 G,14.93
Migros,Superfresh Bamya 450 G,11.18
Carrefour,Superfresh Elma Dilim Patates 1 Kg,59.5
Migros,Superfresh Frambuaz 350 G,11.18
Migros,Feast Bamya 450 G,46.75
Carrefour,Superfresh Patates 450 G,44.93
Migros,Pek Food Pizza Mistro 800 G,28.9
Migros,Feast Mısır 450 G,31.95
Carrefour,Feast Barbunya 450 G,36.9
Carrefour,Superfresh Falafel 450 G,57.9
Carrefour,Feast Brokoli 500 G,93.5
Migros,Superfresh Pizza King 2'li 390 G,34.9
Migros,Feast Frambuaz 350 G,27.5
Migros,Feast Bloom Karışık Orman Meyveleri 350 G,28.9
Migros,Superfresh 7/24 Fırından Sade Poğaça 420 G,18.5
Migros,Pek Food Çokorulo 500 G,3.15
Migros,Feast Combo Klasik 800 G,14.5
Migros,Çiğ Köfte Kg,23.9
Migros,Çiğ Köfte Kg,23.9
Carrefour,İçli Köfte Adet,24.95
Migros,Arnavut Ciğeri Kg,23.9
Migros,Yoğurtlu Patlıcan Kg,19.9
Migros,Çerkez Tavuğu Kg,19.9
Migros,Biber Dolma Kg,8.5
Migros,Humus Kg,14.9
Carrefour,Tat Barbunya Pilaki 400 G,28.9
Carrefour,Knorr İşkembe Çorbası 63 G,14.9
Carrefour,Knorr Çabuk Çorba Kıtırlı Domates 22 G,22.9
Carrefour,Knorr Çabuk Çorba Ezogelin 22 G,11.75
Carrefour,Knorr Bulgurlu Analı Kızlı Çorbası 92 G,14.9
Carrefour,Knorr Çabuk Çorba Mercimek 22 G,29.9
Carrefour,Knorr Firik Bulgurlu Ezogelin Çorbası 98 G,23.9
Carrefour,Tamek Barbunya Pilaki 400 G,38.9
Migros,Tat Zeytinyağlı Fasulye 380 G,16.75
Carrefour,Knorr Kremalı Brokoli Çorbası 70 G,17.9
Migros,Tat Etli Kuru Fasulye 200 G,26.95
Carrefour,Tat Hazır Yemek Barbunya Pilaki 200 G,47.9
Carrefour,Tat Yaprak Sarma 190 G,34.9
Migros,Tat Patlıcan Kızartma 400 G,14.9
Migros,Tat Etli Nohut 200 G,14.75
Migros,Tamek Fasulye Pilaki 400 G,14.95
Carrefour,Tamek Patlıcan Kızartma 380 G,29.9
Carrefour,Uno Tost Ekmeği 350 G,36.9
Migros,Uno Fırından Tam Buğday 450 G,11.13
Migros,Uno Tandır Lavaş 8'li 376 G,18.25
Carrefour,Uno İki Kat Tahıllı Tava Ekmeği 550 G,29.9
Migros,Pakmaya Çift Renkli Damla Çikolata 70 G,15.9
Migros,Pakmaya Sütlü Parça Çikolata 70 G,12.75
Carrefour,Pakmaya Bitter Parça Çikolata 70 G,89.5
Carrefour,Dr.Oetker Kakaolu Kek Karışımı 350 G,33.9
Carrefour,Dr.Oetker Sade Kek Karışımı 450 G,94.5
Carrefour,Dr.Oetker Limonlu Kek Karışımı 440 G,129.9
Carrefour,Dr.Oetker Limonlu Şeker 14 G,15.9
Carrefour,Pakmaya Bitter Pul Çikolata 100 G,49.9
Carrefour,Pakmaya Sütlü Pul Çikolata 100 G,41.93
Carrefour,Dr.Oetker Hızlı Nişasta 10 G,59.9
Carrefour,Dr.Oetker Çikolata Şelalesi 195 G,89.9
Carrefour,Dr.Oetker Portakallı Şeker 14 G,34.88
Carrefour,Dr.Oetker Hızlı Maya 32 G,19.9
Migros,Kenton Krem Şanti Sade 300 G,29.9
Carrefour,Dr.Oetker Puding Bitter Çikolatalı 111 G,19.5
Carrefour,Dr.Oetker Trileçe Karamel Soslu 315 G,39.9
Carrefour,Dr.Oetker Supangle 143 G,69.95
Carrefour,Pakmaya Çikolatalı Puding 106 G,59.9
Carrefour,Dr.Oetker Keşkül 139 G,79.9
Carrefour,Pakmaya Aşure 230 G,56.9
Carrefour,Pakmaya Supangle 138 G,44.9
Carrefour,Pakmaya Tavuk Göğsü 130 G,12.5
Carrefour,Uno Grissuno Kepekli 150 G,89.9
Carrefour,Uno Grissuno Yulaflı Karabuğdaylı 150 G,69.9
Migros,Su Böreği Kg,9.5
Migros,Profiterol Kg,19.95
Migros,Nestle Damak Sütlü Çikolata Kaplı Antep Fıstıklı Draje 50 G,12.9
Carrefour,Ülker Çikolata Bisküvili Draje 150 G,77.0
Migros,Peyman Çitliyo Kara Şimşek Klasik 120 G,14.93
Migros,Tadım Kabuklu Yer Fıstığı 250 G,8.9
Migros,Tadım Fındık İçi 90 G,12.75
Carrefour,Peyman Çitliyo Kara Şimşek Bol Tuzlu 120 G,34.9
Carrefour,Eti Form Çok Tahıllı Buğday Patlağı 41 g,32.5
Migros,Ülker Bebe Bisküvisi 400 G,9.6
Migros,Pringles Nacho Peynirli 165 G,16.0
Migros,Tadım Güneşte Kurutulmuş Kayısı 140 G,7.0
Migros,Tadım Kuru Kayısı 140 G,5.25
Migros,Tadım Çiğ Badem 180 G,7.9
Migros,Peyman Bahçeden İç Ceviz 140 G,5.53
Migros,Tadım Kuru Erik 125 G,19.5
Migros,Tadım Çiğ Badem 90 G,3.0
Migros,Tadım Ceviz İçi 70 G,13.5
Migros,Züber Lokma Antep Fıstığı Kaplı Meyve Topu 96 G,9.5
Migros,Züber Lokma Hindistan Cevizi Kaplı Meyve Topu 96 G,16.45
Migros,Züber Lokma Fındık Kaplı Meyve Topu 96 G,18.55
Carrefour,Nesquik Bar 25 G,8.75
Carrefour,Peyman Bahçeden Fındıklı Bar 30 G,14.9
Migros,Züber Kidz Çilekli Meyve Küpü 49 G,5.25
Carrefour,Peyman Bahçeden Antep Fıstıklı Bar 27 G,35.5
Carrefour,Vivident 45 Dakika Sakız Nane Aromalı 33 G,99.9
Carrefour,Tipitip 27 G,59.9
Carrefour,Vivident Storming Sakız Damla Sakızı Aromalı 33 G,69.9
Carrefour,Vivident Extra Sakız Mentol&Nane Aromalı 66 G Şişe,46.0
Carrefour,Vivident Extra Sakız Mentol&Nane Aromalı 26 G,24.9
Carrefour,Vivident Active Sakız Nane Aromalı 33 G,28.9
Carrefour,Big Babol Çılgın Meyveler Sakız Karışık Meyve Aromalı 36 G,12.5
Migros,Vivident Storming Sakız Karpuz Aromalı 33 G,9.9
Carrefour,Vivident Yeşil Nane Aromalı Sakız 67 G Şişe,39.9
Carrefour,Vivident Storming Sakız Çilek Aromalı 33 G,34.9
Carrefour,Vivident Cube Nane Aromalı Sakız 86 G,249.9
Carrefour,Big Babol Fantastic World Meyve Aromalı Sakız 90 G,69.9
Carrefour,Kent Olips C Vitaminli Stick 28 G,13.0
Carrefour,Polo Naneli Şeker 34 G,19.3
Migros,Haribo Altın Ayıcık 80 G,6.5
Carrefour,Haribo Starmix 80 G,50.0
Migros,Haribo Chamallows 150 G,15.25
Carrefour,Haribo Happy Cola 80 G,18.0
Migros,Haribo Phantasia 80 G,1.75
Migros,Haribo Fizz Fries 70 G,11.9
Carrefour,Kent Missbon Tereyağlı Şeker 43 G,20.25
Carrefour,Yupo Jelly Portakal Halkası 70 G,13.9
Carrefour,Haribo Berries 80 G,34.9
Migros,Çaykur Tiryaki Çayı 1000 G,12.9
Migros,Çaykur Altınbaş Çay 500 G,28.0
Migros,Çaykur Rize Turist Çay 1000 G,44.9
Carrefour,Çaykur Filiz Çay 500 G,52.9
Carrefour,Çaykur 42 Nolu Tirebolu Çayı 500 G,199.9
Migros,Çaykur Rize Turist Çay 500 G,5.25
Migros,Tirebolu 42 Filiz Çay 1000 G,8.5
Migros,Çaykur Çay Çiçeği 200 G,11.95
Migros,Lipton B6 Vitaminli Çay 18'li 36 G,18.75
Migros,Kurukahveci Mehmet Efendi Türk Kahvesi 100 G,4.25
Migros,Tchibo Türk Kahvesi 100 G,19.5
Migros,Nescafe Classic Ekonomik Paket 200 G,3.0
Migros,Nescafe Gold Ekonomik Paket 180 G,14.0
Migros,Tchibo Gold Selection Filtre Kahve 250 G,4.25
Migros,Jacobs Selection Filtre Kahve 250 G,4.0
Migros,Kurukahveci Mehmet Efendi Kafeinsiz Türk Kahvesi 50 G,20.0
Migros,Tchibo Black'N White Filtre Kahve 250 G,3.5
Carrefour,Cezbeli Türk Kahvesi 100 G,22.9
Migros,Tchibo Filtre Kahve Kağıdı 80'li,4.5
Migros,Jacobs Monarch Filtre Kahve 500 G,14.0
Migros,Jacobs Monarch Filtre Kahve 250 G,23.9
Migros,Tchibo Espresso Sicilia Öğütülmüş Kahve 250 G,6.0
Migros,Tchibo Exclusive Decaf Kafeinsiz Çözünebilir Kahve 100 G,15.9
Carrefour,Nescafe Gold Espresso 2 G,12.0
Migros,Davidoff Fine Aroma Filtre Kahve 250 G,22.75
Migros,Lipton Chai Tea Latte Tekli 18 G,3.5
Migros,Tchibo Black'N White Çözünebilir Kahve 100 G,3.5
Migros,Davidoff Espresso 57 Çekirdek Kahve 500 G,3.33
Carrefour,Nescafe 2'si 1 Arada Sütlü Köpüklü 10 G,9.5
Migros,Davidoff Rich Aroma Çözünebilir Kahve 100 G,6.65
Migros,Davidoff Rich Aroma Filtre Kahve 250 G,16.73
Migros,Uludağ Doğal Maden Suyu 6X200 Ml,19.5
Carrefour,Uludağ Frutti Limon 6X200 Ml,69.9
Carrefour,Uludağ Frutti Elma 6X200 Ml,84.9
Carrefour,Yumoş Extra Konsantre Çamaşır Yumuşatıcısı Lilyum 1440 ML 60 Yıkama,44.03
Migros,Ace Ultra Powerjel Dağ Ferahlığı 3 Kg,23.5
Migros,"Ariel Dağ Esintisi 1,5 Kg AquaPudra Toz Çamaşır Deterjanı",17.5
Migros,Ariel 15 Yıkama Sıvı Çamaşır Deterjanı Dağ Esintisi Beyazlar İçin,19.5
Carrefour,Ariel 26 Yıkama Sıvı Çamaşır Deterjanı Dağ Esintisi Renkliler İçin,90.5
Carrefour,"Ariel Dağ Esintisi Renklilere Özel 1,5 kg AquaPudra Toz Çamaşır Deterjanı",54.9
Migros,Ariel 26 Yıkama Sıvı Çamaşır Deterjanı Dağ Esintisi Beyazlar İçin,57.25
Migros,Ariel 15 Yıkama Sıvı Çamaşır Deterjanı Dağ Esintisi Renkliler İçin,9.5
Migros,Yumoş Doğal Özler Konsantre Çamaşır Yumuşatıcısı Hassas Ciltler İçin 1200 ML 50 Yıkama,20.06
Migros,"Ariel OXI 1,2 Kg AquaPudra Toz Çamaşır Deterjanı",21.95
Migros,Alo Platinum 7 Kg Fairy Etkili Beyazlar Aquapudra Toz Deterjan,34.75
Migros,Alo Platinum 7 Kg Fairy Etkili Renkliler Aquapudra Toz Deterjan,87.5
Migros,Solo Tuvalet Kağıdı 32'li,14.9
Migros,Solo Havlu 6'lı,15.0
Carrefour,Selpak Havlu 6'lı,208.9
Migros,Familia Peçete 200'lü,35.95
Carrefour,Uni Baby Aktif Islak Mendil 72'li,18.5
Carrefour,Fairy 650 ml Sıvı Bulaşık Deterjanı Limon,79.5
Carrefour,Fairy 650 ml Sıvı Bulaşık Deterjanı Nar,28.9
Migros,Fairy 650 ml Sıvı Bulaşık Deterjanı Portakal,23.9
Migros,Fairy Hepsi Bir Arada 36 Yıkama Bulaşık Makinesi Deterjanı Kapsülü Limon Kokulu,62.9
Migros,Fairy Platinum Plus 60 Yıkama Bulaşık Makinesi Deterjanı Kapsülü,39.9
Migros,Fairy 650 ml Sıvı Bulaşık Deterjanı Elma,3.45
Migros,Finish Quantum Max 22 Kapsül Bulaşık Makinesi Deterjanı,3.0
Migros,Fairy Platinum Plus 40 Yıkama Bulaşık Makinesi Deterjanı Kapsülü,18.0
Migros,Fairy Platinum Plus 22 Yıkama Bulaşık Makinesi Deterjanı Kapsülü,18.0
Migros,Finish Quantum Max 40 Kapsül Bulaşık Makinesi Deterjanı,53.9
Migros,Finish Quantum Max 58 Kapsül Bulaşık Makinesi Deterjanı,2.95
Migros,"Dixi Yüzey Temizleyici Çam 2,5 L",2.5
Migros,Pronto Ahşap Yüzey Temizleyici Klasik 2.5L,99.9
Migros,Mr Muscle Jel Lavabo Açıcı 1L,40.9
Carrefour,Raid Hamam Böceği Yemi 6’lı Her Tablet ile 3 Ay Koruma,89.9
Migros,Pronto Ahşap Yüzey Temizleyici Portakal 2'li Paket 2x750ml,96.5
Migros,Pronto Mobilya Spreyi Klasik 300ml,8.45
Carrefour,Cif Ultra Hijyen Yüzey Temizlik Mendili 45'li,59.9
Carrefour,Pronto Ahşap Yüzey Temizleyici Klasik 750ml,97.9
Migros,Mr Muscle Kireç Sökücü Tuvalet Temizleyici Jel 750ml,20.0
Migros,Raid Karınca Yemi 2'li Her Tablet ile 3 Ay Koruma,11.95
Migros,Mr Muscle Klozet Jel Blok Tuvalet Temizleyici Marine 36g,20.0
Migros,Mr Muscle Advanced Power Mutfak Temizleyici Limon 750ml,47.9
Migros,Mr Muscle Advanced Power Banyo Temizleyici 750ml,9.0
Migros,Raid Elekro Likit 1 Yedek 45 Gece (Sivrisineklere Karşı),13.95
Migros,Mr Muscle Köpüren Jel Çamaşır Suyu Lavanta 750ml,9.5
Migros,Detan 60 Gece Elektrolikit Cihaz + Yedek,14.95
Migros,Parex Magic Sünger,4.4
Migros,Scotch Brite Yeşil Tırnak Koruyuculu Sünger 8'li,2.5
Migros,Scotch Brite Çilek Kokulu Temizlik Bezi 3'lü,28.95
Migros,Parex Tornado Temizlik Seti,13.95
Migros,Selpak Kağıt Bez,14.95
Migros,Scotch Brite Yeşil Klasik Sünger 8'li,14.95
Migros,Koroplast Mikrofiber Yağ - Kir Sökücü Mutfak Bezi,10.9
Migros,Parex Twister Temizlik Seti,16.75
Migros,Koroplast Mikrofiber Mutfak Bezi 2'li,10.35
Migros,Koroplast Mikrofiber Banyo Bezi 2'li,17.5
Migros,Parex Mikrofiber Etkin Yer Temizlik Sistemi Yedek,20.75
Migros,Parex Twister Mop Yedek,29.45
Migros,Parex Fışfış Bulaşık Fırçası,22.0
Carrefour,Koroplast Mikrofiber Cam Bezi,18.0
Carrefour,Koroplast Çok Amaçlı Mikrofiber Bez 2'li,20.75
Migros,Parex Süpürgeç Yer Temizlik Sistemi,32.5
Migros,Koroplast Ekstra Dayanıklı Çöp Torbası Battal Boy,13.5
Migros,Colgate 2-5 Yaş Ekstra Yumuşak Çocuk Diş Fırçası,26.95
Migros,Oral-B Diş Fırçası 3 Boyutlu Beyazlık 40 Orta 1 Alana 1 Bedava Paketi,25.9
Migros,Oral-B Pro-Expert Stages Çocuk Diş Macunu Frozen & Cars 75 ml (2 - 6 Yaş),29.5
Migros,Oral-B Pro 500 Şarj Edilebilir Diş Fırçası Cross Action,24.5
Migros,Oral-B Diş Fırçası Pro-Flex 3 Boyutlu Beyazlık Luxe 40 Orta,12.5
Carrefour,Difaş Pro-Clinic Seyahat Seti,54.9
Carrefour,Banat Acrobat Jr. Kum Saatli Diş Fırçası,55.9
Migros,Colgate 360 Gelişmiş 4 Yönlü Koruma Orta Diş Fırçası,46.5
Carrefour,Banat Acrobat Jr. Kum Saatli Diş Fırçası,57.5
Migros,Fixodent Professional Diş Protez Yapıştırıcı Krem 40 G,63.9
Migros,Oral-B Diş İpi Satin Tape 25 m,42.5
Carrefour,Signal Diş Fırçası Ergonomik ve Etkin Temizlik 38.6 GR 1+1,57.5
Migros,Colgate Total Gelişmiş Beyazlık Beyazlatıcı Diş Macunu 75 ml,75.9
Carrefour,L'Oreal Paris Elseve Dream Long Onarıcı Bakım Şampuanı 360ml,41.5
Carrefour,L'Oréal Paris Elseve Colorvive Renk Koruyucu Bakım Şampuanı 450 ml,55.5
Carrefour,L'Oreal Paris Elseve Dream Long Onarıcı Bakım Şampuanı 450 ml,99.9
Carrefour,L'Oréal Paris Elseve Hydra [Hyaluronic] Nemi Hapseden Saç Bakım Kremi 390ml,47.75
Carrefour,L'Oréal Paris Elseve 6 Mucizevi Yağ Besleyici Bakım Şampuanı 360 ml,135.9
Carrefour,L'Oréal Paris Elseve Dream Long Bye-Bye Makas Saç Bakım Kremi 200 ml,45.25
Carrefour,L'Oréal Paris Elseve Mucizevi Hindistan Cevizi Yağı Ağırlaştırmayan Besleyici Şampuan 450 ml,43.9
Carrefour,L'Oréal Paris Elseve Dream Long Uzun Saç Kurtarıcı Maske 300ml,79.9
Carrefour,L'Oréal Paris Elseve Colorvive Renk Koruyucu Bakım Şampuanı 360 ml,55.9
Carrefour,L'Oréal Paris Elseve Komple Direnç Dökülme Karşıtı Şampuan 360 ml,98.9
Carrefour,L'Oréal Paris Elseve Turunculaşma Karşıtı Mor Şampuan 200ml,131.9
Carrefour,L'Oréal Paris Elseve Turunculaşma Karşıtı Renk Düzeltici Mor Maske 150ml,124.5
Migros,L'Oréal Paris Elseve Hydra [Hyaluronic] 72 Saat Nem ile Dolgunlaştıran Maske 300ml,18.9
Carrefour,L'Oréal Paris Elseve Hydra [Hyaluronic] 72 Saat Nem ile Dolgunlaştıran Maske 300ml,114.9
Carrefour,Palette Göz Alıcı Renkler 7-0 Kumral,65.9
Carrefour,Koleston Naturals Saç Boyası 6/0 Koyu Kumral,75.9
Carrefour,Palette Kalıcı Doğal Renkler 7-5 Açık Karamel,32.5
Migros,L’Oréal Paris Excellence Creme Nude Renkler Saç Boyası – 7U Nude Kumral,21.9
Carrefour,L’Oréal Paris Excellence Creme Nude Renkler Saç Boyası – 10U Nude Açık Sarı,199.9
Migros,L’Oréal Paris Excellence Creme Nude Renkler Saç Boyası – 3U Nude Koyu Kahve,33.9
Migros,Koleston Set Saç Boyası 5/37 Kışkırtıcı Kahve,26.9
Carrefour,L’Oréal Paris Excellence Creme Nude Renkler Saç Boyası – 6U Nude Koyu Kumral,289.9
Carrefour,Palette Kalıcı Doğal Renkler 5-0 Açık Kahve,99.9
Carrefour,Palette Göz Alıcı Renkler 4-88 Koyu Kızıl,41.9
Carrefour,Palette Göz Alıcı Renkler 3-65 Çikolata Kahve,23.75
Carrefour,Koleston Naturals Saç Boyası 6/73 Ayışığı Kahvesi,183.5
Carrefour,Koleston Set Saç Boyası 3/4 Koyu Kestane,97.9
Carrefour,Koleston Naturals Saç Boyası 11/7 Vanilya Sarısı,97.9
Carrefour,Palette Deluxe Yoğun Renkler 7-36 Küllü Kestane,50.5
Migros,Palette Deluxe Yoğun Renkler 6-68 Karamel Kahve,27.5
Migros,L’Oréal Paris Excellence Creme Nude Renkler Saç Boyası – 8U Nude Koyu Sarı,39.9
Migros,Palette Deluxe Yoğun Renkler 7-36 Küllü Kestane,24.9
Migros,L’Oréal Paris Excellence Creme Nude Renkler Saç Boyası – 8U Nude Koyu Sarı,18.68
Carrefour,L'Oréal Paris Elseve Hydra [Hyaluronic] Nem Dolduran Şampuan 390ml,49.9
Migros,Koleston Naturals Saç Boyası 8/0 Açık Kumral,17.9
Migros,Palette Göz Alıcı Renkler 7-77 Yoğun Bakır,13.43
Migros,Le Petit Marseillais Kayısı Ve Fındık Duş Jeli 650 Ml,17.5
Carrefour,Balmy Çilek Sabunlu Banyo Lifi,49.9
Migros,Old Spice Duş Jeli 400 ml Booster,16.9
Migros,Le Petit Marseillais Duş Jeli Elma 400 Ml,41.93
Carrefour,Orkid Ultra Extra Hijyenik Ped Uzun Süper Ekonomik Paket 22 Ped,62.5
Carrefour,Kotex Günlük Ped Normal 34'lü,60.9
Migros,Orkid Platinum Hijyenik Ped Gece Süper Ekonomik Paket 16 Ped,46.43
Carrefour,Orkid Platinum Hijyenik Ped Uzun Tekli Paket 7 Ped,33.5
Migros,Orkid Günlük Ped Günlük Koruma Dev Ekonomi Paketi 48 Ped (Tekli Paketlerde),40.0
Migros,Orkid Günlük Ped Normal Dev Ekonomi Paketi 80 Ped,36.9
Carrefour,Orkid Ultra Extra Hijyenik Ped Uzun Tekli Paket 7 Ped,24.25
Migros,Orkid Günlük Ped Normal Ekonomik Paket 40 Ped,37.5
Migros,Orkid Günlük Ped Deofresh Normal Ekonomik Paket 40 Ped,33.5
Carrefour,Orkid Platinum Hijyenik Ped Gece Tekli Paket 6 Ped,115.92
Carrefour,Kotex İnce Günlük Parfümlü 18'li,40.75
Carrefour,Garnier Nem Bombası Yorgunluk Karşıtı Kağıt Yüz Maskesi,44.9
Migros,Garnier Süt Bombası Besleyici Kağıt Yüz Maskesi Hindistan Cevizi,31.25
Carrefour,Garnier Süt Bombası Besleyici Kağıt Yüz Maskesi Badem Sütü,59.9
Migros,Garnier Saf & Temiz Siyah Nokta Karşıtı Kömürlü Temizleme Jeli 200 ml,10.14
Migros,L'Oréal Paris Yaş Uzmanı 60+ Kırışıklık Karşıtı Besleyici Krem,44.9
Carrefour,Garnier C Vitamini Yorgunluk Karşıtı Ampul Kağıt Yüz Maskesi,58.5
Migros,Garnier Hyaluronik Gül Jel-Krem - Parlak ve Yatışmış Bir Cilt İçin Günlük Bakım Kremi,43.5
Migros,Garnier C Vitamini Parlak Günlük Nemlendirici Jel 50ml,42.5
Migros,L'Oréal Paris Revitalift Lazer X3 7 Günlük Kür Peeling Etkili Ampul,99.5
Migros,L'Oréal Paris Revitalift %5 Saf Glikolik Asit Peeling Etkili Tonik 180ml,38.7
Migros,Garnier C Vitamini Parlaklık Verici Kağıt Yüz Maskesi,25.9
Migros,Garnier Niasinamid Detoks Etkili Ampul Kağıt Yüz Maskesi,15.54
Migros,Garnier Hyaluronik Asit Sıkılaştırıcı Ampul Kağıt Yüz Maskesi,20.95
Migros,L'Oréal Paris Revitalift Lazer X3 7 Günlük Kür Peeling Etkili Ampul,79.9
Carrefour,Garnier Saf & Temiz Siyah Nokta Karşıtı Kömürlü Peeling 150 ml,699.9
Migros,L'Oréal Paris Infaillible Gel Crayon Göz Kalemi 01 Back to Black - Siyah,99.9
Carrefour,Golden Rose Color Expert Nail Lacquer No:08,119.9
Migros,Maybelline New York Super Stay Matte Ink Likit Mat Ruj - 330 Innovator- Kırmızı,42.9
Migros,Maybelline New York Superstay Active Wear Fondöten- 28 Soft Beige,29.9
Migros,Maybelline New York Superstay Active Wear Fondöten- 03 True Ivory,52.9
Carrefour,Maybelline New York Superstay 24H Pudra - 21 Nude,749.9
Migros,Maybelline New York Fit Me Matte+Poreless Fondöten - 220 Natural Beige,99.9
Migros,Maybelline New York Fit Me Matte+Poreless Fondöten - 220 Natural Beige,8.5
Migros,Maybelline New York Super Stay Matte Ink Likit Mat Ruj - 335 Hustler- Kırmızı,64.9
Migros,Maybelline New York Falsies Lash Lift Ultra Siyah Maskara,84.9
Carrefour,Garnier Micellar C Vitamini Kusursuz Makyaj Temizleme Suyu 400ml,114.9
Carrefour,Golden Rose Color Expert Nail Lacquer No:06,54.9
Carrefour,Golden Rose Color Expert Nail Lacquer No:09,38.43
Carrefour,Golden Rose Color Expert Nail Lacquer No:07,69.5
Migros,Maybelline New York Fit Me Matte+Poreless Fondöten - 112 Soft Beige,57.9
Migros,Maybelline New York Super Stay Matte Ink Likit Mat Ruj - 320 Individualist- Kırmızı,39.9
Migros,Maybelline New York Color Sensational Dudak Kalemi - 50 Dusty Rose (Nude Pembe),39.9
Migros,Maybelline New York Superstay Active Wear Fondöten- 21 Nude Beige,53.9
Migros,Maybelline New York Superstay Active Wear Fondöten- 30 Sand,48.75
Carrefour,L'Oréal Paris True Match Pudra 3.R/3.C Rose Beige,147.5
Migros,Maybelline New York Color Sensational Ruj - 745 Wooden Brown - Nude,8.9
Migros,Maybelline New York Superstay Active Wear Fondöten- 40 Fawn,54.9
Migros,Maybelline New York Super Stay Matte Ink Likit Mat Ruj - 320 Individualist- Kırmızı,125.9
Migros,L'Oréal Paris True Match Pudra 3.R/3.C Rose Beige,32.94
Carrefour,Maybelline New York Color Sensational Ruj - 745 Wooden Brown - Nude,144.9
Migros,Maybelline New York Superstay Active Wear Fondöten- 40 Fawn,71.95
Migros,Maybelline New York Brow Satin Çift Taraflı Kaş Kalemi - 01 Açık Ton,44.95
Migros,L'Oréal Paris Color Riche Saten Bitişli Ruj 163 Orange Magique - Turuncu,4.9
Migros,Maybelline New York Color Sensational Ruj - 630 Velvet Beige - Nude Pembe,45.9
Carrefour,Maybelline New York Color Tattoo 24HR Krem Göz Farı - 65 Pink Gold - Metalik Pembe,107.9
Migros,Maybelline New York Super Stay Matte Ink Likit Mat Ruj - 50 Voyager - Bordo,57.33
Carrefour,Maybelline New York Fit Me Allık - 30 Rose,118.98
Migros,Maybelline New York Superstay Active Wear Fondöten- 02 Naked Ivory,89.9
Migros,Maybelline New York Superstay Active Wear Fondöten- 07 Classic Nude,89.9
Migros,Maybelline New York Lash Sensational Sky High Maskara,74.9
Carrefour,Golden Rose Color Expert Nail Lacquer No:102,49.9
Carrefour,Golden Rose Color Expert Nail Lacquer No:106,34.93
Carrefour,Golden Rose Color Expert Nail Lacquer No:04,130.0
Migros,Maybelline New York Fit Me Matte+Poreless Fondöten - 104 Soft Ivory,146.94
Carrefour,Gillette Tıraş Köpüğü 300 ml,67.43
Carrefour,Gillette Tıraş Köpüğü Normal 200 ml,89.9
Carrefour,Gillette Tıraş Köpüğü Normal 200 ml,72.45
Migros,Gillette Series Tıraş Jeli Nemlendirici 200 ml,55.9
Carrefour,İpek Hidrofil Pamuk 100 G,79.9
Carrefour,Canped Mesane Pedi Yoğun 10'lu,62.9
Carrefour,İpek Hidrofil Pamuk 250 G,61.9
Migros,Durex Intense 20'li,189.9
Migros,Durex Intense 20'li,132.93
Migros,Canped Mesane Pedi Normal 10'lu,35.9
Carrefour,Balmy Tırnak Makası Büyük Boy,68.94
Carrefour,Nature's Supreme Biotin 2500 Mcg 60 Kapsül,132.93
Carrefour,One Up C Vitamini 1000 Mg 30 Tablet,149.9
Carrefour,One Up C Vitamini 1000 Mg 30 Tablet,149.9
Migros,Nature's Supreme Sambucus Nigra 20 Efervesan Tablet,44.5
Migros,Nature's Supreme Omega 3 1000 Mg 30 Kapsül,33.38
Migros,Nature's Supreme Vitamin C + Zinc 20 Efervesan Tablet,41.9
Migros,Natures Supreme Beauty Collagen 30 Tablet,16.9
Carrefour,Balmy Tırnak Makası Orta Boy,127.25
Migros,Okey Nirvana Sens 8'li,79.9
Carrefour,Getwell Haftalık İlaç Kutusu,35.96
Carrefour,Okey Zero Kayganlaştırıcı Jel 100 ml,81.9
Carrefour,Dove Kadın Sprey Deodorant Antiperspirant Original 150 ML,45.38
Carrefour,Veet Ağda Bandı Hassas Ciltler İçin 12'li,99.9
Carrefour,Veet Ağda Bandı Normal Ciltler İçin 12'li,114.9
Migros,Balmy Cımbız Dar Uç,22.5
Carrefour,Balmy Cımbız Yan Uç,53.25
Carrefour,Hipp Organik Kayısı Püresi 125 G,96.0
Carrefour,Hipp Organik Erik Püresi 125 G,127.45
Migros,Aptamil 2 Devam Sütü 350 G 6-9 Ay Akıllı Kutu,45.5
Carrefour,Hipp Organik Bebek Bisküvisi 180 G,129.9
Migros,Aptamil 1 Bebek Sütü 800 G 0-6 Ay Akıllı Kutu,98.9
Carrefour,Hipp Organik Elma Püresi 125 G,44.9
Carrefour,Arılac 7 Tahıllı Gece Kaşık Maması 200 G,44.9
Migros,Aptamil 3 Devam Sütü 350 G 9-12 Ay Akıllı Kutu,84.9
Migros,Sebamed Bebe Kompakt 100 G,61.25
Carrefour,BRITA MAXTRA+ Yedek Su Filtresi - Tekli,107.9
Migros,BRITA MAXTRA+ Yedek Su Filtresi - İkili,43.75
Migros,BRITA Marella XL Filtreli Su Arıtma Sürahisi - Mavi,99.9
Migros,Dynamic Fullface Yüzücü Maskesi,59.9
Migros,Umet Şipşak Mangal,51.9
Carrefour,Gojo Buz Kazıyıcı,33.9
Carrefour,Gojo Lastik Parlatma Süngeri,107.9
Carrefour,Gojo Oto Yıkama Süngeri,109.9
